-- PayAgent Seed Data
SET NAMES utf8mb4;

-- ============================================================
-- Insurance Companies
-- ============================================================
INSERT INTO insurance_companies (id, name, code, contact_email, portal_url) VALUES
  ('c0000001-0000-0000-0000-000000000001', 'הראל חברה לביטוח', 'HAREL', 'agents@harel-ins.co.il', 'https://www.harel-ins.co.il'),
  ('c0000001-0000-0000-0000-000000000002', 'מגדל חברה לביטוח', 'MIGDAL', 'agents@migdal.co.il', 'https://www.migdal.co.il'),
  ('c0000001-0000-0000-0000-000000000003', 'הפניקס', 'PHOENIX', 'agents@fnx.co.il', 'https://www.fnx.co.il'),
  ('c0000001-0000-0000-0000-000000000004', 'כלל ביטוח ופיננסים', 'CLAL', 'agents@clal-ins.co.il', 'https://www.clal-ins.co.il'),
  ('c0000001-0000-0000-0000-000000000005', 'מנורה מבטחים', 'MENORA', 'agents@menora.co.il', 'https://www.menoramivt.co.il');

-- ============================================================
-- Agent
-- ============================================================
INSERT INTO agents (id, agent_id, agency_id, name, email, phone, license_number, tax_id, tax_status, nii_rate) VALUES
  ('a0000001-0000-0000-0000-000000000001', '052998432', 'AG-001', 'דניאל אהרוני', 'd.aharoni@payagent.co.il', '054-9876543', '052-998432-1', '052998432', 'self_employed', 17.83);

-- ============================================================
-- Clients
-- ============================================================
INSERT INTO clients (id, agent_id, name, id_number, phone, email) VALUES
  ('cl000001-0000-0000-0000-000000000001', 'a0000001-0000-0000-0000-000000000001', 'ישראל שראבי', '301234567', '050-1234567', 'israel.s@gmail.com'),
  ('cl000001-0000-0000-0000-000000000002', 'a0000001-0000-0000-0000-000000000001', 'מרים רפאלי', '302345678', '050-2345678', 'miriam.r@gmail.com'),
  ('cl000001-0000-0000-0000-000000000003', 'a0000001-0000-0000-0000-000000000001', 'דניאל גולדשטיין', '303456789', '050-3456789', 'daniel.g@gmail.com'),
  ('cl000001-0000-0000-0000-000000000004', 'a0000001-0000-0000-0000-000000000001', 'אילנה לוי', '304567890', '050-4567890', 'ilana.l@gmail.com'),
  ('cl000001-0000-0000-0000-000000000005', 'a0000001-0000-0000-0000-000000000001', 'יוסף חדד', '305678901', '050-5678901', 'yosef.h@gmail.com'),
  ('cl000001-0000-0000-0000-000000000006', 'a0000001-0000-0000-0000-000000000001', 'שרה כהן', '306789012', '050-6789012', 'sara.k@gmail.com'),
  ('cl000001-0000-0000-0000-000000000007', 'a0000001-0000-0000-0000-000000000001', 'משה ביטון', '307890123', '050-7890123', 'moshe.b@gmail.com'),
  ('cl000001-0000-0000-0000-000000000008', 'a0000001-0000-0000-0000-000000000001', 'רחל אברהם', '308901234', '050-8901234', 'rachel.a@gmail.com'),
  ('cl000001-0000-0000-0000-000000000009', 'a0000001-0000-0000-0000-000000000001', 'אברהם דוד', '309012345', '050-9012345', 'avraham.d@gmail.com'),
  ('cl000001-0000-0000-0000-000000000010', 'a0000001-0000-0000-0000-000000000001', 'נועה פרידמן', '310123456', '050-0123456', 'noa.f@gmail.com');

-- ============================================================
-- Contracts (agent agreements with insurance companies)
-- ============================================================
INSERT INTO contracts (id, agent_id, insurance_company_id, product_type, commission_pct, recurring_pct, volume_pct, effective_from) VALUES
  ('ct000001-0000-0000-0000-000000000001', 'a0000001-0000-0000-0000-000000000001', 'c0000001-0000-0000-0000-000000000001', 'managers_insurance', 15.00, 2.00, 0, '2025-01-01'),
  ('ct000001-0000-0000-0000-000000000002', 'a0000001-0000-0000-0000-000000000001', 'c0000001-0000-0000-0000-000000000001', 'pension', 12.00, 1.50, 0, '2025-01-01'),
  ('ct000001-0000-0000-0000-000000000003', 'a0000001-0000-0000-0000-000000000001', 'c0000001-0000-0000-0000-000000000001', 'life_insurance', 16.00, 2.50, 0, '2025-01-01'),
  ('ct000001-0000-0000-0000-000000000004', 'a0000001-0000-0000-0000-000000000001', 'c0000001-0000-0000-0000-000000000002', 'pension', 15.00, 1.50, 0, '2025-01-01'),
  ('ct000001-0000-0000-0000-000000000005', 'a0000001-0000-0000-0000-000000000001', 'c0000001-0000-0000-0000-000000000002', 'health', 18.00, 3.00, 0, '2025-01-01'),
  ('ct000001-0000-0000-0000-000000000006', 'a0000001-0000-0000-0000-000000000001', 'c0000001-0000-0000-0000-000000000003', 'health', 15.00, 3.00, 0, '2025-01-01'),
  ('ct000001-0000-0000-0000-000000000007', 'a0000001-0000-0000-0000-000000000001', 'c0000001-0000-0000-0000-000000000003', 'general', 10.00, 0, 0, '2025-01-01'),
  ('ct000001-0000-0000-0000-000000000008', 'a0000001-0000-0000-0000-000000000001', 'c0000001-0000-0000-0000-000000000004', 'education_fund', 15.00, 1.00, 0, '2025-01-01'),
  ('ct000001-0000-0000-0000-000000000009', 'a0000001-0000-0000-0000-000000000001', 'c0000001-0000-0000-0000-000000000004', 'managers_insurance', 14.00, 2.00, 0, '2025-01-01'),
  ('ct000001-0000-0000-0000-000000000010', 'a0000001-0000-0000-0000-000000000001', 'c0000001-0000-0000-0000-000000000005', 'life_insurance', 15.00, 2.50, 0, '2025-01-01');

-- ============================================================
-- Policies
-- ============================================================
INSERT INTO policies (id, agent_id, client_id, insurance_company_id, contract_id, policy_number, product_type, start_date, premium_amount, premium_frequency, commission_pct, recurring_pct, volume_pct, status) VALUES
  ('p0000001-0000-0000-0000-000000000001', 'a0000001-0000-0000-0000-000000000001', 'cl000001-0000-0000-0000-000000000001', 'c0000001-0000-0000-0000-000000000001', 'ct000001-0000-0000-0000-000000000001', 'POL-HRL-001', 'managers_insurance', '2026-01-14', 12400.00, 'monthly', 15.00, 2.00, 0, 'active'),
  ('p0000001-0000-0000-0000-000000000002', 'a0000001-0000-0000-0000-000000000001', 'cl000001-0000-0000-0000-000000000002', 'c0000001-0000-0000-0000-000000000002', 'ct000001-0000-0000-0000-000000000004', 'POL-MGD-001', 'pension', '2026-01-12', 8200.00, 'monthly', 15.00, 1.50, 0, 'active'),
  ('p0000001-0000-0000-0000-000000000003', 'a0000001-0000-0000-0000-000000000001', 'cl000001-0000-0000-0000-000000000003', 'c0000001-0000-0000-0000-000000000003', 'ct000001-0000-0000-0000-000000000006', 'POL-PHX-001', 'health', '2026-01-10', 3500.00, 'monthly', 15.00, 3.00, 0, 'active'),
  ('p0000001-0000-0000-0000-000000000004', 'a0000001-0000-0000-0000-000000000001', 'cl000001-0000-0000-0000-000000000004', 'c0000001-0000-0000-0000-000000000004', 'ct000001-0000-0000-0000-000000000008', 'POL-CLL-001', 'education_fund', '2026-01-09', 15000.00, 'monthly', 15.00, 1.00, 0, 'active'),
  ('p0000001-0000-0000-0000-000000000005', 'a0000001-0000-0000-0000-000000000001', 'cl000001-0000-0000-0000-000000000005', 'c0000001-0000-0000-0000-000000000005', 'ct000001-0000-0000-0000-000000000010', 'POL-MNR-001', 'life_insurance', '2026-01-07', 9800.00, 'monthly', 15.00, 2.50, 0, 'active'),
  ('p0000001-0000-0000-0000-000000000006', 'a0000001-0000-0000-0000-000000000001', 'cl000001-0000-0000-0000-000000000006', 'c0000001-0000-0000-0000-000000000001', 'ct000001-0000-0000-0000-000000000002', 'POL-HRL-002', 'pension', '2026-02-05', 11000.00, 'monthly', 12.00, 1.50, 0, 'active'),
  ('p0000001-0000-0000-0000-000000000007', 'a0000001-0000-0000-0000-000000000001', 'cl000001-0000-0000-0000-000000000007', 'c0000001-0000-0000-0000-000000000003', 'ct000001-0000-0000-0000-000000000007', 'POL-PHX-002', 'general', '2026-02-15', 6500.00, 'monthly', 10.00, 0, 0, 'active'),
  ('p0000001-0000-0000-0000-000000000008', 'a0000001-0000-0000-0000-000000000001', 'cl000001-0000-0000-0000-000000000008', 'c0000001-0000-0000-0000-000000000002', 'ct000001-0000-0000-0000-000000000005', 'POL-MGD-002', 'health', '2026-03-01', 4200.00, 'monthly', 18.00, 3.00, 0, 'active'),
  ('p0000001-0000-0000-0000-000000000009', 'a0000001-0000-0000-0000-000000000001', 'cl000001-0000-0000-0000-000000000009', 'c0000001-0000-0000-0000-000000000004', 'ct000001-0000-0000-0000-000000000009', 'POL-CLL-002', 'managers_insurance', '2026-03-10', 18500.00, 'monthly', 14.00, 2.00, 0, 'active'),
  ('p0000001-0000-0000-0000-000000000010', 'a0000001-0000-0000-0000-000000000001', 'cl000001-0000-0000-0000-000000000010', 'c0000001-0000-0000-0000-000000000001', 'ct000001-0000-0000-0000-000000000003', 'POL-HRL-003', 'life_insurance', '2026-03-20', 7800.00, 'monthly', 16.00, 2.50, 0, 'active');

-- ============================================================
-- Commissions (one-time + recurring for each policy)
-- ============================================================
-- One-time commissions (on policy creation)
INSERT INTO commissions (id, policy_id, agent_id, insurance_company_id, type, amount, rate, premium_base, period, payment_date, status) VALUES
  ('cm000001-0000-0000-0000-000000000001', 'p0000001-0000-0000-0000-000000000001', 'a0000001-0000-0000-0000-000000000001', 'c0000001-0000-0000-0000-000000000001', 'one_time', 1860.00, 15.00, 12400.00, '2026-01', '2026-01-14', 'paid'),
  ('cm000001-0000-0000-0000-000000000002', 'p0000001-0000-0000-0000-000000000002', 'a0000001-0000-0000-0000-000000000001', 'c0000001-0000-0000-0000-000000000002', 'one_time', 1230.00, 15.00, 8200.00, '2026-01', '2026-01-12', 'paid'),
  ('cm000001-0000-0000-0000-000000000003', 'p0000001-0000-0000-0000-000000000003', 'a0000001-0000-0000-0000-000000000001', 'c0000001-0000-0000-0000-000000000003', 'one_time', 525.00, 15.00, 3500.00, '2026-01', '2026-01-10', 'paid'),
  ('cm000001-0000-0000-0000-000000000004', 'p0000001-0000-0000-0000-000000000004', 'a0000001-0000-0000-0000-000000000001', 'c0000001-0000-0000-0000-000000000004', 'one_time', 2250.00, 15.00, 15000.00, '2026-01', '2026-01-09', 'paid'),
  ('cm000001-0000-0000-0000-000000000005', 'p0000001-0000-0000-0000-000000000005', 'a0000001-0000-0000-0000-000000000001', 'c0000001-0000-0000-0000-000000000005', 'one_time', 1470.00, 15.00, 9800.00, '2026-01', '2026-01-07', 'paid'),
  ('cm000001-0000-0000-0000-000000000006', 'p0000001-0000-0000-0000-000000000006', 'a0000001-0000-0000-0000-000000000001', 'c0000001-0000-0000-0000-000000000001', 'one_time', 1320.00, 12.00, 11000.00, '2026-02', '2026-02-05', 'paid'),
  ('cm000001-0000-0000-0000-000000000007', 'p0000001-0000-0000-0000-000000000007', 'a0000001-0000-0000-0000-000000000001', 'c0000001-0000-0000-0000-000000000003', 'one_time', 650.00, 10.00, 6500.00, '2026-02', '2026-02-15', 'paid'),
  ('cm000001-0000-0000-0000-000000000008', 'p0000001-0000-0000-0000-000000000008', 'a0000001-0000-0000-0000-000000000001', 'c0000001-0000-0000-0000-000000000002', 'one_time', 756.00, 18.00, 4200.00, '2026-03', '2026-03-01', 'paid'),
  ('cm000001-0000-0000-0000-000000000009', 'p0000001-0000-0000-0000-000000000009', 'a0000001-0000-0000-0000-000000000001', 'c0000001-0000-0000-0000-000000000004', 'one_time', 2590.00, 14.00, 18500.00, '2026-03', '2026-03-10', 'paid'),
  ('cm000001-0000-0000-0000-000000000010', 'p0000001-0000-0000-0000-000000000010', 'a0000001-0000-0000-0000-000000000001', 'c0000001-0000-0000-0000-000000000001', 'one_time', 1248.00, 16.00, 7800.00, '2026-03', '2026-03-20', 'paid');

-- Recurring commissions for March 2026 (all active policies)
INSERT INTO commissions (id, policy_id, agent_id, insurance_company_id, type, amount, rate, premium_base, period, payment_date, status) VALUES
  ('cm000002-0000-0000-0000-000000000001', 'p0000001-0000-0000-0000-000000000001', 'a0000001-0000-0000-0000-000000000001', 'c0000001-0000-0000-0000-000000000001', 'recurring', 248.00, 2.00, 12400.00, '2026-03', '2026-03-28', 'paid'),
  ('cm000002-0000-0000-0000-000000000002', 'p0000001-0000-0000-0000-000000000002', 'a0000001-0000-0000-0000-000000000001', 'c0000001-0000-0000-0000-000000000002', 'recurring', 123.00, 1.50, 8200.00, '2026-03', '2026-03-28', 'paid'),
  ('cm000002-0000-0000-0000-000000000003', 'p0000001-0000-0000-0000-000000000003', 'a0000001-0000-0000-0000-000000000001', 'c0000001-0000-0000-0000-000000000003', 'recurring', 105.00, 3.00, 3500.00, '2026-03', '2026-03-28', 'paid'),
  ('cm000002-0000-0000-0000-000000000004', 'p0000001-0000-0000-0000-000000000004', 'a0000001-0000-0000-0000-000000000001', 'c0000001-0000-0000-0000-000000000004', 'recurring', 150.00, 1.00, 15000.00, '2026-03', '2026-03-28', 'paid'),
  ('cm000002-0000-0000-0000-000000000005', 'p0000001-0000-0000-0000-000000000005', 'a0000001-0000-0000-0000-000000000001', 'c0000001-0000-0000-0000-000000000005', 'recurring', 245.00, 2.50, 9800.00, '2026-03', '2026-03-28', 'paid'),
  ('cm000002-0000-0000-0000-000000000006', 'p0000001-0000-0000-0000-000000000006', 'a0000001-0000-0000-0000-000000000001', 'c0000001-0000-0000-0000-000000000001', 'recurring', 165.00, 1.50, 11000.00, '2026-03', '2026-03-28', 'paid'),
  ('cm000002-0000-0000-0000-000000000007', 'p0000001-0000-0000-0000-000000000008', 'a0000001-0000-0000-0000-000000000001', 'c0000001-0000-0000-0000-000000000002', 'recurring', 126.00, 3.00, 4200.00, '2026-03', '2026-03-28', 'paid'),
  ('cm000002-0000-0000-0000-000000000008', 'p0000001-0000-0000-0000-000000000009', 'a0000001-0000-0000-0000-000000000001', 'c0000001-0000-0000-0000-000000000004', 'recurring', 370.00, 2.00, 18500.00, '2026-03', '2026-03-28', 'paid'),
  ('cm000002-0000-0000-0000-000000000009', 'p0000001-0000-0000-0000-000000000010', 'a0000001-0000-0000-0000-000000000001', 'c0000001-0000-0000-0000-000000000001', 'recurring', 195.00, 2.50, 7800.00, '2026-03', '2026-03-28', 'paid');

-- ============================================================
-- Uploads
-- ============================================================
INSERT INTO uploads (id, agent_id, insurance_company_id, file_name, record_count, status, upload_date) VALUES
  ('up000001-0000-0000-0000-000000000001', 'a0000001-0000-0000-0000-000000000001', 'c0000001-0000-0000-0000-000000000001', 'commissions_harel_0326.csv', 1240, 'completed', '2026-03-12'),
  ('up000001-0000-0000-0000-000000000002', 'a0000001-0000-0000-0000-000000000001', 'c0000001-0000-0000-0000-000000000002', 'migdal_ledger_q1.csv', 842, 'completed', '2026-03-08'),
  ('up000001-0000-0000-0000-000000000003', 'a0000001-0000-0000-0000-000000000001', 'c0000001-0000-0000-0000-000000000003', 'error_report_phoenix.csv', 0, 'error', '2026-03-01');

-- ============================================================
-- Tax Settings 2026
-- ============================================================
INSERT INTO tax_settings (id, tax_year, bracket_from, bracket_to, rate, tax_type, applies_to) VALUES
  -- Income tax brackets (annual)
  ('tx000001-0000-0000-0000-000000000001', 2026, 0, 84120, 10.00, 'income_tax', 'all'),
  ('tx000001-0000-0000-0000-000000000002', 2026, 84120, 120720, 14.00, 'income_tax', 'all'),
  ('tx000001-0000-0000-0000-000000000003', 2026, 120720, 193800, 20.00, 'income_tax', 'all'),
  ('tx000001-0000-0000-0000-000000000004', 2026, 193800, 269280, 31.00, 'income_tax', 'all'),
  ('tx000001-0000-0000-0000-000000000005', 2026, 269280, 560280, 35.00, 'income_tax', 'all'),
  ('tx000001-0000-0000-0000-000000000006', 2026, 560280, 721560, 47.00, 'income_tax', 'all'),
  ('tx000001-0000-0000-0000-000000000007', 2026, 721560, NULL, 50.00, 'income_tax', 'all'),
  -- NII self-employed (monthly)
  ('tx000001-0000-0000-0000-000000000008', 2026, 0, 7522, 5.58, 'national_insurance_reduced', 'self_employed'),
  ('tx000001-0000-0000-0000-000000000009', 2026, 7522, 49030, 17.83, 'national_insurance_full', 'self_employed'),
  -- Health tax self-employed (monthly)
  ('tx000001-0000-0000-0000-000000000010', 2026, 0, 7522, 3.12, 'health_tax_reduced', 'self_employed'),
  ('tx000001-0000-0000-0000-000000000011', 2026, 7522, 49030, 5.00, 'health_tax_full', 'self_employed');
